id,question,A,B,C,D,answer
0,【新能源概念股反弹锂矿方向领涨】财联社4月14日电，新能源方向盘中反弹，永兴材料涨停，中矿资源、赣锋锂业、禾迈股份、德方纳米等涨超6%，创业板指权重股宁德时代、亿纬锂能、阳光电源纷纷大幅冲高。,中性,利空,未知,利好,D
1,财联社4月14日电，靶材板块继续走强，涨幅超过3%，其中江丰电子涨幅超4%，隆华科技涨幅超3%，有研新材涨幅超2%。,中性,未知,利空,利好,D
2,财联社4月14日电，半导体设备板块继续走强，涨幅超过4%，其中耐科装备涨幅超20%，拓荆科技涨幅超20%，微导纳米涨幅超16%。,中性,利好,未知,利空,B
3,财联社4月14日电，EDA板块继续走强，涨幅超过3%，其中华大九天涨幅超6%，广立微涨幅超6%，概伦电子涨幅超5%。,利好,中性,未知,利空,A
4,上证报中国证券网讯 4月14日，A股三大股指全天震荡走强。截至收盘，上证指数报3338.15点，涨0.60%。深证成指涨0.51%，创业板指涨0.93%。科创50指数午后涨幅扩大，收盘大涨3.28%。半导体板块掀涨停潮，耐科装备、联动科技等多股涨停。锂电池赛道反弹，天齐锂业、赣锋锂业涨超5%。ChatGPT概念则出现调整。北向资金全天净买入64.24亿元。,利空,利好,中性,未知,B
5,中证网讯热门中概股4月14日多数收跌。Wind数据显示，截至收盘，雾芯科技跌7.27%，达达集团跌5.52%，有道跌3.65%，百度跌3%，高途集团跌2.51%，哔哩哔哩跌2.34%；涨幅方面，挚文集团涨4.81%，和黄医药涨5.72%，好未来涨2.69%。中概新能源汽车股涨跌不一，蔚来汽车涨1.87%，小鹏汽车跌0.55%，理想汽车涨1.4%。,未知,利好,中性,利空,C
6,【数据要素板块早盘跳水中文在线大跌超10%】财联社4月17日电，数据要素板块早盘跳水，中文在线大跌超10%，美亚柏科、中国科传跌超9%，海量数据、零点有数、中富通跌超6%。,利好,利空,中性,未知,B
7,财联社4月17日电，AIGC板块继续走弱，跌幅超过3%，其中中文在线跌幅超9%，昆仑万维跌幅超6%，值得买跌幅超5%。,中性,利好,未知,利空,D
8,财联社4月17日电，MLOps板块继续走弱，跌幅超过3%，其中万达信息跌幅超6%，绿盟科技跌幅超4%，启明信息跌幅超2%。,未知,利好,中性,利空,D
9,财联社4月17日电，DRG/DIP板块继续走弱，跌幅超过3%，其中久远银海跌幅超7%，山大地纬跌幅超6%，万达信息跌幅超5%。,中性,未知,利好,利空,D
10,财联社4月17日电，DRG/DIP板块继续走弱，跌幅超过3%，其中久远银海跌幅超7%，山大地纬跌幅超6%，万达信息跌幅超5%。,未知,利好,中性,利空,D
11,财联社4月17日电，网络安全板块继续走弱，跌幅超过3%，其中博汇科技跌幅超13%，浩瀚深度跌幅超10%，海量数据跌幅超10%。,中性,利好,利空,未知,C
12,财联社4月17日电，国产软件板块继续走弱，跌幅超过3%，其中和达科技跌幅超19%，山大地纬跌幅超12%，吉大正元跌幅超10%。,利好,未知,利空,中性,C
13,财联社4月17日电，征信板块继续走弱，跌幅超过3%，其中信雅达跌幅超9%，易联众跌幅超8%，神州泰岳跌幅超7%。,未知,利好,利空,中性,C
14,【CPO板块快速反弹剑桥科技大涨7%】财联社4月18日电，CPO板块早盘快速反弹，剑桥科技大涨7%，光库科技涨4%，天孚通信、联特科技、太辰光等快速跟涨。消息面上，剑桥科技一季报实现净利润7147.25万元，同比扭亏为盈。,利好,利空,未知,中性,A
15,【游戏板块走低多股跌超3%】财联社4月18日电，游戏股早盘走低，昆仑万维跌近8%，吉比特、天舟文化、华谊兄弟、顺网科技、电魂网络等跌超3%。,未知,中性,利好,利空,D
16,【港股保险股多数走强中国太保涨超4%】财联社4月18日电，截至发稿，中国太保涨4.33%、中国人寿涨3.05%、中国平安涨2.59%、新华保险涨1.71%。,中性,未知,利好,利空,C
17,财联社4月18日电，云游戏板块继续走弱，跌幅超过3%，其中天舟文化跌幅超6%，顺网科技跌幅超4%，中青宝跌幅超4%。,中性,利空,未知,利好,B
18,上证报中国证券网讯4月18日，工业母机板块快速下行，截至9：44，万讯自控大跌超12%，宇环数控跌超7%，华中数控、天马股份等跟跌。数据来源：Choice金融终端,利空,未知,中性,利好,A
19,【港股半导体股走低中芯国际跌近5%】财联社4月18日电，截至发稿，中芯国际跌4.67%、上海复旦跌4.02%、华虹半导体跌4.08%、宏光半导体跌2.63%。,中性,利空,未知,利好,B
20,【大基建板块震荡走弱甘咨询逼近跌停】财联社4月18日电，大基建板块盘中震荡走弱，甘咨询逼近跌停，北方国际、新城市、柏诚股份、杰恩设计、中公高科均大跌超6%。,利好,未知,利空,中性,C
21,财联社4月19日电，信科系板块继续走强，涨幅超过3%，其中光迅科技涨幅超6%，长江通信涨幅超4%，大唐电信涨幅超3%。,利好,未知,中性,利空,A
22,财联社4月19日电，AI服务器板块继续走强，涨幅超过3%，其中环旭电子涨幅超9%，中科曙光涨幅超9%，同方股份涨幅超6%。,中性,利好,未知,利空,B
23,财联社4月19日电，电信运营板块继续走弱，跌幅超过3%，其中中国联通跌幅超5%，ST鹏博士跌幅超4%，中国电信跌幅超3%。,未知,利好,利空,中性,C
24,财联社4月20日电，有色镁板块继续走弱，跌幅超过3%，其中丰华股份跌幅超8%，西部矿业跌幅超6%，宜安科技跌幅超2%。,中性,未知,利好,利空,D
25,财联社4月20日电，AIGC板块继续走强，涨幅超过3%，其中蓝色光标涨幅超18%，万兴科技涨幅超9%，视觉中国涨幅超9%。,利好,利空,未知,中性,A
26,财联社4月20日电，AIGC板块继续走强，涨幅超过4%，其中蓝色光标涨幅超20%，万兴科技涨幅超15%，遥望科技涨幅超10%。,利空,利好,未知,中性,B
27,【ChatGPT板块进一步走强万兴科技创历史新高】财联社4月20日电，午后ChatGPT板块进一步走强，万兴科技大涨超10%创历史新高，先前蓝色光标20CM涨停，科大讯飞逼近涨停，云从科技、神州泰岳、软通动力、高伟达、同花顺均大涨超7%。,未知,中性,利空,利好,D
28,财联社4月20日电，MLOps板块继续走强，涨幅超过4%，其中传音控股涨幅超8%，启明信息涨幅超6%，绿盟科技涨幅超4%。,未知,中性,利空,利好,D
29,财联社4月20日电，AI模型板块继续走强，涨幅超过5%，其中万兴科技涨幅超20%，首都在线涨幅超17%，同方股份涨幅超10%。,利好,中性,未知,利空,A
30,【军工股持续走高华如科技涨超16%】财联社4月21日电，华如科技涨超16%，理工导航涨超12%，亚光科技、三角防务、观想科技、航新科技、国瑞科技、天微电子等涨超5%。,利好,中性,未知,利空,A
31,财联社4月21日电，快手概念板块继续走弱，跌幅超过3%，其中万润科技跌幅超8%，首都在线跌幅超6%，中文在线跌幅超6%。,利好,中性,未知,利空,D
32,财联社4月21日电，数字水印板块继续走弱，跌幅超过3%，其中平治信息跌幅超5%，证通电子跌幅超3%，汉仪股份跌幅超3%。,未知,利空,利好,中性,B
33,财联社4月21日电，玻纤板块继续走弱，跌幅超过3%，其中中国巨石跌幅超6%，长海股份跌幅超5%，中材科技跌幅超3%。,中性,未知,利好,利空,D
34,财联社4月21日电，数字政务板块继续走弱，跌幅超过3%，其中电科网安跌幅超6%，云赛智联跌幅超5%，中科江南跌幅超5%。,利好,中性,利空,未知,C
35,财联社4月21日电，氮化镓(GaN)板块继续走弱，跌幅超过3%，其中乾照光电跌幅超12%，必易微跌幅超6%，芯导科技跌幅超4%。,利空,未知,利好,中性,A
36,财联社4月21日电，文心一言板块继续走弱，跌幅超过3%，其中凡拓数创跌幅超8%，顺网科技跌幅超8%，软通动力跌幅超7%。,未知,利好,中性,利空,D
37,财联社4月21日电，金融科技板块继续走弱，跌幅超过3%，其中软通动力跌幅超7%，新致软件跌幅超6%，财富趋势跌幅超6%。,未知,利好,利空,中性,C
38,财联社4月21日电，华为鸿蒙板块继续走弱，跌幅超过3%，其中*ST蓝盾跌幅超8%，拓维信息跌幅超8%，软通动力跌幅超7%。,利好,中性,未知,利空,D
39,财联社4月21日电，ChatGPT板块继续走弱，跌幅超过3%，其中凡拓数创跌幅超8%，鸿博股份跌幅超8%，拓维信息跌幅超8%。,未知,中性,利空,利好,C
40,财联社4月21日电，超高清视频板块继续走弱，跌幅超过3%，其中全志科技跌幅超12%，博汇科技跌幅超7%，北京君正跌幅超6%。,利好,未知,利空,中性,C
41,财联社4月21日电，AI模型板块继续走弱，跌幅超过4%，其中顺网科技跌幅超9%，首都在线跌幅超8%，凌云光跌幅超8%。,利空,中性,利好,未知,A
42,财联社4月21日电，云计算板块继续走弱，跌幅超过3%，其中顺网科技跌幅超9%，电科网安跌幅超8%，首都在线跌幅超8%。,未知,利好,利空,中性,C
43,财联社4月21日电，靶材板块继续走弱，跌幅超过4%，其中阿石创跌幅超4%，江丰电子跌幅超4%，有研新材跌幅超3%。,未知,利空,中性,利好,B
44,财联社4月21日电，网络安全板块继续走弱，跌幅超过3%，其中平治信息跌幅超9%，浩瀚深度跌幅超9%，博汇科技跌幅超8%。,中性,未知,利空,利好,C
45,财联社4月21日电，快手概念板块继续走弱，跌幅超过4%，其中万润科技跌幅超9%，首都在线跌幅超8%，因赛集团跌幅超6%。,利好,利空,中性,未知,B
46,财联社4月21日电，国资云板块继续走弱，跌幅超过4%，其中电科网安跌幅超8%，易华录跌幅超7%，深桑达A跌幅超6%。,利好,中性,未知,利空,D
47,财联社4月21日电，面板板块继续走弱，跌幅超过3%，其中瑞联新材跌幅超11%，路维光电跌幅超7%，清越科技跌幅超6%。,未知,利空,利好,中性,B
48,财联社4月21日电，边缘计算板块继续走弱，跌幅超过3%，其中京蓝科技跌幅超9%，顺网科技跌幅超8%，拓维信息跌幅超8%。,中性,利空,未知,利好,B
49,财联社4月21日电，虹膜识别板块继续走弱，跌幅超过3%，其中汉王科技跌幅超6%，神思电子跌幅超5%，广电运通跌幅超4%。,未知,中性,利空,利好,C
50,财联社4月21日电，数字货币板块继续走弱，跌幅超过3%，其中新国都跌幅超8%，电科网安跌幅超8%，创识科技跌幅超6%。,利好,中性,未知,利空,D
51,财联社4月21日电，百度概念板块继续走弱，跌幅超过3%，其中易华录跌幅超8%，慧博云通跌幅超7%，亚康股份跌幅超6%。,中性,利好,未知,利空,D
52,财联社4月21日电，安防板块继续走弱，跌幅超过3%，其中罗普特跌幅超10%，深桑达A跌幅超9%，易华录跌幅超8%。,利空,利好,中性,未知,A
53,财联社4月21日电，国产软件板块继续走弱，跌幅超过4%，其中赛意信息跌幅超14%，鼎捷软件跌幅超9%，软通动力跌幅超8%。,利好,未知,利空,中性,C
54,财联社4月21日电，存储器板块继续走弱，跌幅超过3%，其中万润科技跌幅超9%，创益通跌幅超7%，北京君正跌幅超7%。,利空,未知,利好,中性,A
55,财联社4月21日电，谷歌概念板块继续走弱，跌幅超过3%，其中易点天下跌幅超7%，中国长城跌幅超6%，智度股份跌幅超5%。,利好,未知,利空,中性,C
56,财联社4月21日电，5G终端板块继续走弱，跌幅超过3%，其中全志科技跌幅超13%，平治信息跌幅超10%，共进股份跌幅超9%。,未知,利好,中性,利空,D
57,财联社4月21日电，华为产业链板块继续走弱，跌幅超过3%，其中赛意信息跌幅超14%，碳元科技跌幅超10%，鸿博股份跌幅超9%。,利空,利好,未知,中性,A
58,财联社4月21日电，Web3.0板块继续走弱，跌幅超过4%，其中顺网科技跌幅超9%，凌云光跌幅超8%，东方国信跌幅超7%。,未知,利空,中性,利好,B
59,财联社4月21日电，数据中心板块继续走弱，跌幅超过3%，其中南凌科技跌幅超10%，首都在线跌幅超9%，拓维信息跌幅超8%。,未知,利空,中性,利好,B
60,财联社4月21日电，信创板块继续走弱，跌幅超过4%，其中凡拓数创跌幅超8%，拓维信息跌幅超8%，品高股份跌幅超8%。,未知,利空,中性,利好,B
61,财联社4月21日电，MLED板块继续走弱，跌幅超过4%，其中乾照光电跌幅超12%，万润科技跌幅超9%，路维光电跌幅超7%。,中性,利空,利好,未知,B
62,财联社4月21日电，IPv6板块继续走弱，跌幅超过4%，其中天邑股份跌幅超11%，电科网安跌幅超8%，天源迪科跌幅超6%。,未知,利空,利好,中性,B
63,【数据要素板块跌势扩大深桑达A跌停】财联社4月21日电，数据要素板块盘中跌势扩大，深桑达A跌停，新华网、顺网科技、金桥信息、易华录、中文在线、天亿马均大跌超7%。,中性,利空,未知,利好,B
64,财联社4月21日电，金融科技板块继续走弱，跌幅超过4%，其中软通动力跌幅超9%，迪普科技跌幅超8%，新致软件跌幅超7%。,利空,中性,利好,未知,A
65,财联社4月21日电，中芯国际概念板块继续走弱，跌幅超过4%，其中全志科技跌幅超13%，清溢光电跌幅超7%，概伦电子跌幅超6%。,利好,中性,未知,利空,D
66,财联社4月21日电，华为手机板块继续走弱，跌幅超过3%，其中碳元科技跌幅超10%，东田微跌幅超8%，希荻微跌幅超8%。,利空,利好,未知,中性,A
67,财联社4月21日电，电子车牌板块继续走弱，跌幅超过3%，其中易华录跌幅超9%，金溢科技跌幅超4%，高新兴跌幅超4%。,中性,未知,利好,利空,D
68,财联社4月21日电，数字货币板块继续走弱，跌幅超过4%，其中电科网安跌幅超10%，新国都跌幅超9%，东方国信跌幅超8%。,利空,利好,未知,中性,A
69,财联社4月21日电，华为鸿蒙板块继续走弱，跌幅超过5%，其中软通动力跌幅超10%，*ST蓝盾跌幅超10%，拓维信息跌幅超9%。,中性,未知,利空,利好,C
70,财联社4月21日电，工业互联网板块继续走弱，跌幅超过3%，其中赛意信息跌幅超11%，鼎捷软件跌幅超10%，品高股份跌幅超9%。,未知,利空,利好,中性,B
71,财联社4月21日电，VR/AR板块继续走弱，跌幅超过4%，其中全志科技跌幅超13%，平治信息跌幅超10%，顺网科技跌幅超9%。,利空,利好,中性,未知,
72,财联社4月21日电，存储器板块继续走弱，跌幅超过4%，其中万润科技跌幅超9%，北京君正跌幅超8%，德明利跌幅超8%。,未知,中性,利好,利空,
73,财联社4月21日电，超级计算机板块继续走弱，跌幅超过4%，其中天源迪科跌幅超8%，北信源跌幅超5%，浪潮信息跌幅超5%。,未知,利空,利好,中性,
74,财联社4月21日电，华为鲲鹏板块继续走弱，跌幅超过5%，其中赛意信息跌幅超12%，鼎捷软件跌幅超10%，拓维信息跌幅超9%。,利空,中性,未知,利好,
75,财联社4月21日电，5G网络架构板块继续走弱，跌幅超过3%，其中北纬科技跌幅超7%，中富通跌幅超7%，恒实科技跌幅超6%。,未知,利好,中性,利空,
76,财联社4月21日电，5G产业链板块继续走弱，跌幅超过3%，其中全志科技跌幅超13%，天邑股份跌幅超12%，统联精密跌幅超10%。,利好,利空,未知,中性,
77,财联社4月21日电，PCB板块继续走弱，跌幅超过4%，其中芯碁微装跌幅超7%，华正新材跌幅超7%，迅捷兴跌幅超7%。,利好,中性,未知,利空,
78,财联社4月21日电，智慧矿山板块继续走弱，跌幅超过3%，其中龙软科技跌幅超6%，云鼎科技跌幅超5%，北路智控跌幅超3%。,利好,利空,未知,中性,
79,财联社4月21日电，第三代半导体板块继续走弱，跌幅超过4%，其中乾照光电跌幅超12%，联动科技跌幅超12%，路维光电跌幅超10%。,利空,中性,利好,未知,
80,财联社4月21日电，超高清视频板块继续走弱，跌幅超过5%，其中全志科技跌幅超14%，博汇科技跌幅超12%，景嘉微跌幅超9%。,中性,利好,利空,未知,
81,财联社4月21日电，手势识别板块继续走弱，跌幅超过5%，其中北京君正跌幅超8%，恒信东方跌幅超8%，汉王科技跌幅超7%。,中性,利空,利好,未知,
82,财联社4月21日电，地理信息板块继续走弱，跌幅超过4%，其中立昂技术跌幅超6%，四维图新跌幅超6%，龙软科技跌幅超6%。,中性,利好,利空,未知,
83,财联社4月21日电，时空大数据板块继续走弱，跌幅超过5%，其中熙菱信息跌幅超6%，中通国脉跌幅超6%，超图软件跌幅超6%。,未知,利空,中性,利好,
84,财联社4月21日电，百度概念板块继续走弱，跌幅超过4%，其中易华录跌幅超10%，慧博云通跌幅超8%，亚康股份跌幅超7%。,利空,中性,未知,利好,
85,财联社4月21日电，AIGC板块继续走弱，跌幅超过5%，其中新华网跌幅超9%，新国都跌幅超9%，中文在线跌幅超9%。,利好,利空,未知,中性,
86,财联社4月21日电，腾讯概念板块继续走弱，跌幅超过3%，其中新国都跌幅超9%，中文在线跌幅超9%，熵基科技跌幅超9%。,未知,中性,利好,利空,
87,财联社4月21日电，腾讯概念板块继续走弱，跌幅超过3%，其中新国都跌幅超9%，中文在线跌幅超9%，熵基科技跌幅超9%。,利空,中性,利好,未知,
88,财联社4月21日电，激光雷达板块继续走弱，跌幅超过5%，其中源杰科技跌幅超10%，东田微跌幅超9%，天孚通信跌幅超9%。,利空,中性,利好,未知,
89,财联社4月21日电，液态金属板块继续走弱，跌幅超过3%，其中东方锆业跌幅超3%，云路股份跌幅超3%，安泰科技跌幅超3%。,利空,中性,未知,利好,
90,财联社4月21日电，教育信息化板块继续走弱，跌幅超过3%，其中拓维信息跌幅超9%，天亿马跌幅超9%，威创股份跌幅超7%。,未知,利好,利空,中性,
91,财联社4月21日电，谷歌概念板块继续走弱，跌幅超过4%，其中易点天下跌幅超7%，中国长城跌幅超7%，智度股份跌幅超6%。,利空,中性,利好,未知,
92,财联社4月21日电，彩票板块继续走弱，跌幅超过4%，其中鸿博股份跌幅超10%，数字认证跌幅超8%，人民网跌幅超7%。,利空,中性,未知,利好,
93,财联社4月21日电，华为产业链板块继续走弱，跌幅超过4%，其中赛意信息跌幅超12%，鼎捷软件跌幅超11%，软通动力跌幅超11%。,利空,利好,中性,未知,
94,财联社4月21日电，安防板块继续走弱，跌幅超过4%，其中罗普特跌幅超12%，易华录跌幅超11%，深桑达A跌幅超10%。,利好,利空,未知,中性,
95,财联社4月21日电，网络安全板块继续走弱，跌幅超过5%，其中博汇科技跌幅超12%，平治信息跌幅超11%，浩瀚深度跌幅超10%。,中性,利好,未知,利空,
96,财联社4月21日电，影视板块继续走弱，跌幅超过4%，其中百纳千成跌幅超8%，捷成股份跌幅超8%，奥飞娱乐跌幅超7%。,利好,未知,利空,中性,
97,财联社4月21日电，大数据板块继续走弱，跌幅超过5%，其中南凌科技跌幅超12%，博汇科技跌幅超12%，易华录跌幅超11%。,利空,利好,未知,中性,
98,财联社4月21日电，数字政务板块继续走弱，跌幅超过6%，其中云从科技跌幅超12%，易华录跌幅超11%，宏景科技跌幅超10%。,利空,未知,利好,中性,
99,财联社4月21日电，算力芯片板块继续走弱，跌幅超过6%，其中芯原股份跌幅超12%，景嘉微跌幅超10%，恒烁股份跌幅超10%。,利好,利空,未知,中性,
100,财联社4月21日电，沥青板块继续走弱，跌幅超过3%，其中宝丰能源跌幅超5%，国创高新跌幅超3%，信德新材跌幅超2%。,未知,利空,利好,中性,
101,财联社4月21日电，半导体设备板块继续走弱，跌幅超过4%，其中联动科技跌幅超12%，和林微纳跌幅超10%，耐科装备跌幅超8%。,利空,未知,利好,中性,
102,财联社4月21日电，氮化镓(GaN)板块继续走弱，跌幅超过5%，其中乾照光电跌幅超12%，必易微跌幅超8%，南大光电跌幅超7%。,利好,利空,中性,未知,
103,财联社4月21日电，证券板块继续走弱，跌幅超过3%，其中首创证券跌幅超7%，红塔证券跌幅超6%，信达证券跌幅超6%。,利好,未知,利空,中性,
104,财联社4月21日电，屏下指纹板块继续走弱，跌幅超过5%，其中东田微跌幅超9%，隆利科技跌幅超7%，虹软科技跌幅超7%。,未知,利空,利好,中性,
105,财联社4月21日电，3D感应板块继续走弱，跌幅超过4%，其中华天科技跌幅超6%，晶方科技跌幅超6%，歌尔股份跌幅超5%。,未知,利空,利好,中性,
106,财联社4月21日电，5G网络架构板块继续走弱，跌幅超过4%，其中中富通跌幅超9%，恒实科技跌幅超8%，富春股份跌幅超8%。,中性,未知,利好,利空,
107,财联社4月21日电，中芯国际概念板块继续走弱，跌幅超过5%，其中全志科技跌幅超14%，清溢光电跌幅超8%，东芯股份跌幅超8%。,未知,中性,利好,利空,
108,财联社4月21日电，融合通信(RCS)板块继续走弱，跌幅超过5%，其中平治信息跌幅超11%，初灵信息跌幅超10%，挖金客跌幅超9%。,利好,利空,未知,中性,
109,财联社4月21日电，华为电视板块继续走弱，跌幅超过5%，其中广电网络跌幅超9%，数码视讯跌幅超6%，聚飞光电跌幅超4%。,未知,中性,利空,利好,
110,财联社4月21日电，京东概念板块继续走弱，跌幅超过3%，其中科大讯飞跌幅超8%，三人行跌幅超7%，齐心集团跌幅超6%。,利好,中性,利空,未知,
111,财联社4月21日电，胎压监测板块继续走弱，跌幅超过3%，其中四维图新跌幅超7%，必创科技跌幅超5%，华阳集团跌幅超3%。,未知,利好,中性,利空,
112,财联社4月21日电，数字乡村板块继续走弱，跌幅超过3%，其中京蓝科技跌幅超9%，广电网络跌幅超9%，东方国信跌幅超8%。,中性,未知,利空,利好,
113,【CPO概念震荡回升华工科技再创历史新高】财联社4月21日电，CPO板块震荡回升，华工科技大涨8%，股价再创历史新高，先前永鼎股份涨停，通宇通讯大涨5%，锐捷网络、联特科技、太辰光、仕佳光子快速跟涨。,未知,利好,中性,利空,
114,财联社4月21日电，横琴新区板块继续走弱，跌幅超过3%，其中全志科技跌幅超14%，光库科技跌幅超7%，汇金科技跌幅超7%。,利好,利空,中性,未知,
115,财联社4月21日电，人脸识别板块继续走弱，跌幅超过5%，其中云从科技跌幅超9%，奥比中光跌幅超9%，蓝特光学跌幅超8%。,未知,中性,利空,利好,
116,财联社4月21日电，eSIM板块继续走弱，跌幅超过5%，其中思特奇跌幅超9%，澄天伟业跌幅超8%，天喻信息跌幅超7%。,未知,中性,利空,利好,
117,财联社4月21日电，人工智能板块继续走弱，跌幅超过5%，其中博汇科技跌幅超13%，浩瀚深度跌幅超13%，凌云光跌幅超12%。,利空,利好,未知,中性,
118,财联社4月21日电，MLOps板块继续走弱，跌幅超过8%，其中创意信息跌幅超12%，传音控股跌幅超9%，东方国信跌幅超9%。,未知,中性,利好,利空,
119,财联社4月21日电，铁矿石板块继续走弱，跌幅超过3%，其中河钢资源跌幅超6%，厦门信达跌幅超5%，中信金属跌幅超5%。,中性,利好,利空,未知,
120,财联社4月21日电，边缘计算板块继续走弱，跌幅超过5%，其中顺网科技跌幅超11%，创意信息跌幅超11%，初灵信息跌幅超11%。,利好,未知,利空,中性,
121,财联社4月21日电，次新股板块继续走弱，跌幅超过3%，其中杰华特跌幅超13%，C颀中跌幅超13%，凌云光跌幅超13%。,未知,利空,中性,利好,
122,财联社4月21日电，字节跳动板块继续走弱，跌幅超过5%，其中每日互动跌幅超12%，中文在线跌幅超10%，万润科技跌幅超9%。,中性,未知,利空,利好,
123,财联社4月21日电，国产软件板块继续走弱，跌幅超过6%，其中赛意信息跌幅超13%，*ST蓝盾跌幅超12%，永信至诚跌幅超12%。,未知,利空,利好,中性,
124,财联社4月21日电，MLED板块继续走弱，跌幅超过6%，其中乾照光电跌幅超12%，明微电子跌幅超11%，路维光电跌幅超10%。,未知,利好,中性,利空,
125,财联社4月21日电，Web3.0板块继续走弱，跌幅超过6%，其中凌云光跌幅超13%，顺网科技跌幅超11%，中文在线跌幅超10%。,中性,利空,利好,未知,
126,【统计局：4月中旬生猪（外三元）价格环比下降2.8%】财联社4月24日电，国家统计局数据显示，对全国流通领域9大类50种重要生产资料市场价格的监测显示，2023年4月中旬与4月上旬相比，19种产品价格上涨，29种下降，2种持平。其中，生猪（外三元）价格为14.1元/千克，环比下降2.8%。,利空,中性,未知,利好,
127,财联社4月24日电，液冷IDC板块继续走强，涨幅超过3%，其中科创新源涨幅超7%，高澜股份涨幅超7%，烽火通信涨幅超6%。,中性,未知,利好,利空,
128,【CPO板块持续走强永鼎股份5天3板】财联社4月24日电，CPO板块持续走强，永鼎股份录得5天3板，德科立、中际旭创大涨超10%，烽火通信冲板，凌云光、博创科技大涨超6%。消息面上，LightCounting预计，2023年开始800G光模块有望启动新一轮增长，预计在2026年突破30亿美元大关。,中性,未知,利好,利空,
129,上证报中国证券网讯4月24日，ChatGPT板块震荡反弹，截至9：50，世纪天鸿大涨超17%，昆仑万维、吴通控股大涨超6%，星辉娱乐、科大讯飞、方直科技等跟涨。,利好,利空,中性,未知,
130,上证报中国证券网讯4月24日，传媒股震荡反弹，截至10：03，世纪天鸿、思美传媒、读者传媒涨停，南方传媒、中国出版、芒果超媒等跟涨。,中性,利好,未知,利空,
131,财联社4月24日电，液冷IDC板块继续走强，涨幅超过4%，其中烽火通信涨幅超10%，科创新源涨幅超8%，浪潮信息涨幅超6%。,利空,未知,中性,利好,
132,财联社4月24日电，云游戏板块继续走强，涨幅超过6%，其中星辉娱乐涨幅超20%，游族网络涨幅超10%，三七互娱涨幅超9%。,未知,中性,利好,利空,
133,财联社4月24日电，CPO板块继续走强，涨幅超过4%，其中中际旭创涨幅超13%，永鼎股份涨幅超10%，联特科技涨幅超8%。,利好,中性,未知,利空,
134,财联社4月24日电，电竞板块继续走强，涨幅超过4%，其中星辉娱乐涨幅超20%，*ST新文涨幅超14%，昆仑万维涨幅超13%。,中性,未知,利空,利好,
135,【午评：沪指探底回升跌0.15%AI应用方向再度大涨】财联社4月24日电，市场早盘延续调整，沪指相对偏强，创业板指跌超1%。盘面上，AI概念股展开反弹，传媒、游戏板块领涨，星辉娱乐、世纪天鸿20CM，思美传媒、南方传媒等多股涨停；CPO概念股再度活跃，德科立20CM涨停，永鼎股份、烽火通信涨停；数字货币概念股震荡走强，高伟达、先进数通涨超10%，翠微股份涨停。新冠药概念股开盘大涨，拓新药业、翰宇药业涨超10%，盘龙药业涨停。下跌方面，半导体板块陷入调整，圣邦股份跌超10%，泰晶科技跌停。总体上个股上涨和下跌家数基本相当。沪深两市今日成交额6886亿，较上个交易日缩量1011亿。板块方面，传媒、手机游戏、CPO、新冠药等板块涨幅居前，旅游、存储芯片、CRO、半导体等板块跌幅居前。截至上午收盘，沪指跌0.15%，深成指跌0.39%，创业板指跌1.08%。,利空,未知,中性,利好,
136,【港股午评：恒生指数跌0.63%制药、房地产服务等板块活跃】财联社4月24日电，港股指数早盘涨跌不一，香港恒生指数跌0.63%，恒生科技指数涨0.2%。板块方面，地面运输、汽车、电力、燃气、制药、节能照明、智能家居、抗疫、房地产服务等板块活跃；酒店和度假村、客运航空公司、饮料、大数据、建筑节能、富士康概念、信息安全、黄金、消费电子、网络安全等板块走低。,未知,利好,中性,利空,
137,上证报中国证券网讯4月24日，A股三大股指午后持续走低。沪指跌逾1%，创业板指跌逾2%。截至14：42，上证指数报3265.56点，跌1.08%，成交额4411.99亿元；深证成指报11271.04点，跌1.57%，成交额5657.64亿元，两市合计成交额10069.64亿元；创业板指报2291.14点，跌2.14%，成交额2525.98亿元。盘面上看，贵金属、酒店旅游、半导体等板块跌幅居前。,利空,中性,利好,未知,
138,财联社4月25日电，CPO板块继续走弱，跌幅超过3%，其中联特科技跌幅超6%，光库科技跌幅超6%，源杰科技跌幅超4%。,中性,利空,未知,利好,
139,财联社4月25日电，CPO板块继续走弱，跌幅超过5%，其中联特科技跌幅超10%，博创科技跌幅超9%，源杰科技跌幅超8%。,利好,未知,利空,中性,
140,财联社4月25日电，液冷IDC板块继续走弱，跌幅超过3%，其中飞荣达跌幅超6%，佳力图跌幅超4%，依米康跌幅超3%。,利空,未知,中性,利好,
141,财联社4月25日电，虹膜识别板块继续走弱，跌幅超过3%，其中新开普跌幅超19%，飞天诚信跌幅超3%，水晶光电跌幅超3%。,利空,未知,利好,中性,
142,【银行股异动拉升中信银行涨超5%】财联社4月25日电，中信银行涨超5%，兰州银行、宁波银行、成都银行、平安银行、无锡银行、杭州银行等跟涨。,未知,中性,利好,利空,
143,财联社4月25日电，新冠治疗板块继续走弱，跌幅超过3%，其中贵州三力跌幅超7%，永太科技跌幅超6%，以岭药业跌幅超6%。,未知,利好,中性,利空,
144,财联社4月25日电，盐湖提锂板块继续走弱，跌幅超过3%，其中富临精工跌幅超18%，宋都股份跌幅超9%，天铁股份跌幅超5%。,未知,利空,利好,中性,
145,财联社4月25日电，麒麟电池板块继续走弱，跌幅超过4%，其中富临精工跌幅超18%，科创新源跌幅超3%，银轮股份跌幅超3%。,未知,中性,利好,利空,
146,财联社4月25日电，锂矿板块继续走弱，跌幅超过4%，其中江特电机跌幅超9%，赣锋锂业跌幅超7%，融捷股份跌幅超7%。,未知,利好,中性,利空,
147,【浪潮信息创历史新高中科曙光年后涨超160%】财联社4月25日电，AI服务器概念股持续走高，浪潮信息拉升涨超2%，股价创历史新高，总市值超700亿。中科曙光持续刷新新高，今年累计涨幅近160%，总市值近850亿。,利空,利好,中性,未知,
148,【浪潮信息创历史新高中科曙光年后涨超160%】财联社4月25日电，AI服务器概念股持续走高，浪潮信息拉升涨超2%，股价创历史新高，总市值超700亿。中科曙光持续刷新新高，今年累计涨幅近160%，总市值近850亿。,利空,中性,未知,利好,
149,财联社4月25日电，工程设计板块继续走弱，跌幅超过3%，其中筑博设计跌幅超16%，汉嘉设计跌幅超12%，华蓝集团跌幅超9%。,利空,中性,利好,未知,
150,财联社4月25日电，汽车拆解板块继续走弱，跌幅超过3%，其中天奇股份跌幅超10%，华宏科技跌幅超3%，格林美跌幅超3%。,利好,利空,中性,未知,
151,财联社4月25日电，医用器械板块继续走弱，跌幅超过3%，其中昌红科技跌幅超16%，华大智造跌幅超13%，捷昌驱动跌幅超10%。,未知,利空,利好,中性,
152,【一带一路概念股震荡走弱新疆交建跌停】财联社4月25日电，华蓝集团跌超10%，新疆交建跌停，山东路桥、天山股份、地铁设计、中成股份、西藏天路等跌超5%。,中性,利好,未知,利空,
153,财联社4月25日电，医疗器械板块继续走弱，跌幅超过3%，其中昌红科技跌幅超16%，东岳硅材跌幅超15%，华大智造跌幅超14%。,未知,中性,利好,利空,
154,财联社4月25日电，指纹识别板块继续走弱，跌幅超过3%，其中新开普跌幅超19%，蓝思科技跌幅超11%，飞天诚信跌幅超3%。,中性,未知,利好,利空,
155,财联社4月25日电，新冠特效药板块继续走弱，跌幅超过4%，其中新华制药跌幅超7%，舒泰神跌幅超7%，海辰药业跌幅超6%。,利好,中性,利空,未知,
156,财联社4月25日电，钠电池板块继续走弱，跌幅超过4%，其中中科电气跌幅超20%，科翔股份跌幅超17%，蔚蓝锂芯跌幅超10%。,利好,中性,利空,未知,
157,财联社4月25日电，MLCC板块继续走弱，跌幅超过3%，其中信维通信跌幅超9%，火炬电子跌幅超6%，昀冢科技跌幅超5%。,未知,利空,利好,中性,
158,财联社4月25日电，中电科系板块继续走弱，跌幅超过3%，其中电科数字跌幅超10%，太极股份跌幅超6%，凤凰光学跌幅超6%。,利空,未知,利好,中性,
159,财联社4月25日电，POE胶膜板块继续走弱，跌幅超过3%，其中东华科技跌幅超6%，海优新材跌幅超5%，鼎际得跌幅超5%。,利好,中性,未知,利空,
160,财联社4月25日电，宁德时代概念板块继续走弱，跌幅超过4%，其中长远锂科跌幅超19%，富临精工跌幅超19%，德方纳米跌幅超15%。,利空,中性,利好,未知,
161,财联社4月25日电，有机硅板块继续走弱，跌幅超过4%，其中阳谷华泰跌幅超15%，东岳硅材跌幅超15%，润禾材料跌幅超7%。,利好,未知,利空,中性,
162,财联社4月25日电，青海板块继续走弱，跌幅超过3%，其中青海春天跌幅超6%，*ST顺利跌幅超5%，藏格矿业跌幅超4%。,未知,中性,利空,利好,
163,财联社4月25日电，固态电池板块继续走弱，跌幅超过4%，其中赣锋锂业跌幅超9%，多氟多跌幅超7%，天齐锂业跌幅超7%。,利好,未知,利空,中性,
164,财联社4月25日电，环氧丙烷板块继续走弱，跌幅超过3%，其中胜华新材跌幅超10%，奥克股份跌幅超8%，永和股份跌幅超4%。,利空,中性,利好,未知,
165,财联社4月25日电，消毒剂板块继续走弱，跌幅超过3%，其中世名科技跌幅超5%，鸿达兴业跌幅超5%，联创股份跌幅超5%。,利空,未知,中性,利好,
166,财联社4月25日电，新能源汽车板块继续走弱，跌幅超过3%，其中富临精工跌幅超18%，东岳硅材跌幅超15%，天力锂能跌幅超14%。,中性,利空,未知,利好,
167,财联社4月25日电，铁矿石板块继续走弱，跌幅超过3%，其中宝地矿业跌幅超9%，*ST未来跌幅超5%，川发龙蟒跌幅超4%。,未知,利好,利空,中性,
168,财联社4月25日电，光热板块继续走弱，跌幅超过3%，其中久盛电气跌幅超7%，双良节能跌幅超6%，西子洁能跌幅超6%。,利空,中性,未知,利好,
169,财联社4月25日电，动物保健板块继续走弱，跌幅超过3%，其中佩蒂股份跌幅超19%，大洋生物跌幅超7%，采纳股份跌幅超5%。,利空,中性,未知,利好,
170,财联社4月25日电，第三代半导体板块继续走弱，跌幅超过3%，其中联动科技跌幅超19%，三安光电跌幅超9%，天通股份跌幅超9%。,未知,利空,中性,利好,
171,财联社4月25日电，次新股板块继续走弱，跌幅超过3%，其中长远锂科跌幅超19%，联动科技跌幅超19%，茂莱光学跌幅超14%。,中性,利空,利好,未知,
172,【大金融板块快速拉升瑞丰银行冲板】财联社4月25日电，大金融板块尾盘拉升，沪指快速翻红，瑞丰银行冲板，中信银行大涨8%，东北证券、邮储银行、长沙银行涨超4%。,未知,中性,利空,利好,
173,财联社4月25日电，ETC板块继续走弱，跌幅超过3%，其中梦网科技跌幅超7%，金溢科技跌幅超7%，千方科技跌幅超5%。,利好,利空,未知,中性,
174,财联社4月25日电，富士康系板块继续走弱，跌幅超过3%，其中鹏鼎控股跌幅超5%，安彩高科跌幅超3%，鼎捷软件跌幅超3%。,未知,中性,利空,利好,
175,财联社4月25日电，光刻机板块继续走弱，跌幅超过3%，其中福晶科技跌幅超10%，晶瑞电材跌幅超5%，芯碁微装跌幅超4%。,利好,利空,未知,中性,
176,财联社4月25日电，华为鸿蒙板块继续走弱，跌幅超过3%，其中九联科技跌幅超8%，梦网科技跌幅超7%，*ST蓝盾跌幅超6%。,利空,中性,未知,利好,
177,财联社4月25日电，华为鸿蒙板块继续走弱，跌幅超过3%，其中九联科技跌幅超8%，梦网科技跌幅超7%，*ST蓝盾跌幅超6%。,利空,中性,利好,未知,
178,财联社4月25日电，量子通信板块继续走弱，跌幅超过3%，其中光库科技跌幅超10%，福晶科技跌幅超10%，腾景科技跌幅超7%。,未知,利空,中性,利好,
179,财联社4月25日电，时空大数据板块继续走弱，跌幅超过4%，其中招标股份跌幅超7%，零点有数跌幅超6%，中海达跌幅超5%。,未知,利空,利好,中性,
180,财联社4月25日电，工业母机板块继续走弱，跌幅超过4%，其中拓斯达跌幅超18%，创世纪跌幅超14%，山东威达跌幅超10%。,中性,利空,未知,利好,
181,财联社4月25日电，触摸屏板块继续走弱，跌幅超过3%，其中蓝思科技跌幅超12%，宝明科技跌幅超6%，长信科技跌幅超6%。,未知,中性,利空,利好,
182,财联社4月25日电，5G网络架构板块继续走弱，跌幅超过3%，其中直真科技跌幅超10%，东方通信跌幅超6%，震有科技跌幅超5%。,利好,利空,未知,中性,
183,财联社4月25日电，中芯国际概念板块继续走弱，跌幅超过3%，其中立昂微跌幅超8%，亚翔集成跌幅超6%，盛剑环境跌幅超5%。,利空,利好,未知,中性,
184,财联社4月25日电，储能板块继续走弱，跌幅超过3%，其中蔚蓝锂芯跌幅超10%，伊戈尔跌幅超9%，鼎信通讯跌幅超9%。,利好,中性,未知,利空,
185,财联社4月25日电，特高压板块继续走弱，跌幅超过3%，其中特发信息跌幅超6%，亨通光电跌幅超6%，金百泽跌幅超5%。,利空,未知,中性,利好,
186,财联社4月25日电，头盔板块继续走弱，跌幅超过4%，其中拓斯达跌幅超19%，银禧科技跌幅超4%，泉为科技跌幅超4%。,未知,利好,中性,利空,
187,财联社4月25日电，北斗导航板块继续走弱，跌幅超过3%，其中启明信息跌幅超9%，亚光科技跌幅超8%，中国卫通跌幅超8%。,未知,中性,利空,利好,
188,财联社4月25日电，化肥板块继续走弱，跌幅超过3%，其中川金诺跌幅超16%，芭田股份跌幅超5%，巨化股份跌幅超5%。,中性,利好,未知,利空,
189,财联社4月25日电，生态园林板块继续走弱，跌幅超过3%，其中京蓝科技跌幅超10%，大叶股份跌幅超5%，ST花王跌幅超5%。,利空,未知,中性,利好,
190,财联社4月25日电，网络安全板块继续走弱，跌幅超过3%，其中电科数字跌幅超10%，中新赛克跌幅超9%，智微智能跌幅超8%。,利空,中性,未知,利好,
191,财联社4月25日电，农药板块继续走弱，跌幅超过3%，其中永太科技跌幅超9%，雅本化学跌幅超5%，先达股份跌幅超4%。,未知,利好,利空,中性,
192,财联社4月25日电，大基金系板块继续走弱，跌幅超过3%，其中佰维存储跌幅超11%，三安光电跌幅超9%，安路科技跌幅超9%。,未知,利空,利好,中性,
193,财联社4月25日电，化工板块继续走弱，跌幅超过3%，其中川金诺跌幅超16%，阳谷华泰跌幅超15%，润禾材料跌幅超10%。,中性,未知,利好,利空,
194,财联社4月25日电，氯碱工业板块继续走弱，跌幅超过3%，其中英力特跌幅超8%，鸿达兴业跌幅超5%，巨化股份跌幅超5%。,未知,利好,中性,利空,
195,财联社4月25日电，PVC板块继续走弱，跌幅超过3%，其中英力特跌幅超8%，鸿达兴业跌幅超5%，盐湖股份跌幅超4%。,利好,未知,中性,利空,
196,财联社4月25日电，先进封装Chiplet板块继续走弱，跌幅超过4%，其中佰维存储跌幅超11%，华正新材跌幅超10%，甬矽电子跌幅超7%。,中性,利空,利好,未知,
197,财联社4月25日电，有色钒板块继续走弱，跌幅超过3%，其中钒钛股份跌幅超9%，川发龙蟒跌幅超4%，安宁股份跌幅超4%。,中性,未知,利好,利空,
198,财联社4月25日电，有色钛板块继续走弱，跌幅超过4%，其中钒钛股份跌幅超9%，东方钽业跌幅超6%，西部材料跌幅超4%。,未知,利空,利好,中性,
199,财联社4月25日电，陶瓷产业板块继续走弱，跌幅超过3%，其中蓝思科技跌幅超12%，东方锆业跌幅超5%，三祥新材跌幅超4%。,未知,利好,利空,中性,
200,财联社4月25日电，半导体材料板块继续走弱，跌幅超过4%，其中中科电气跌幅超20%，神工股份跌幅超11%，圣泉集团跌幅超10%。,中性,利好,利空,未知,
201,财联社4月25日电，比亚迪概念板块继续走弱，跌幅超过4%，其中中科电气跌幅超20%，雅创电子跌幅超10%，万丰奥威跌幅超9%。,利好,利空,中性,未知,
202,财联社4月25日电，医用器械板块继续走弱，跌幅超过4%，其中昌红科技跌幅超19%，中红医疗跌幅超11%，华大智造跌幅超10%。,利空,中性,利好,未知,
203,财联社4月25日电，边缘计算板块继续走弱，跌幅超过3%，其中浩云科技跌幅超11%，京蓝科技跌幅超10%，东土科技跌幅超9%。,中性,未知,利好,利空,
204,财联社4月25日电，医疗器械板块继续走弱，跌幅超过4%，其中昌红科技跌幅超19%，茂莱光学跌幅超16%，凯普生物跌幅超15%。,利好,利空,中性,未知,
205,财联社4月25日电，商用密码板块继续走弱，跌幅超过4%，其中中孚信息跌幅超7%，数字认证跌幅超5%，电科网安跌幅超4%。,利好,利空,未知,中性,
206,财联社4月25日电，C2M板块继续走弱，跌幅超过3%，其中汉得信息跌幅超8%，尚品宅配跌幅超5%，慕思股份跌幅超5%。,利好,利空,中性,未知,
207,财联社4月25日电，石墨烯板块继续走弱，跌幅超过4%，其中中科电气跌幅超20%，圣泉集团跌幅超10%，创益通跌幅超9%。,利空,利好,中性,未知,
208,财联社4月25日电，四川板块继续走弱，跌幅超过3%，其中富临精工跌幅超18%，圣诺生物跌幅超13%，观想科技跌幅超9%。,利好,未知,利空,中性,
209,财联社4月25日电，车载EDR板块继续走弱，跌幅超过3%，其中启明信息跌幅超9%，锐明技术跌幅超9%，国民技术跌幅超4%。,中性,利空,利好,未知,
210,财联社4月25日电，成飞概念板块继续走弱，跌幅超过4%，其中华如科技跌幅超13%，昆船智能跌幅超6%，西菱动力跌幅超4%。,利好,利空,中性,未知,
211,财联社4月25日电，太空互联网板块继续走弱，跌幅超过4%，其中全信股份跌幅超19%，中国卫通跌幅超9%，亚光科技跌幅超8%。,利好,未知,利空,中性,
212,财联社4月25日电，第三代半导体板块继续走弱，跌幅超过4%，其中联动科技跌幅超20%，天通股份跌幅超10%，三安光电跌幅超9%。,中性,利空,未知,利好,
213,财联社4月25日电，单车板块继续走弱，跌幅超过3%，其中中微半导跌幅超6%，星源卓镁跌幅超5%，久祺股份跌幅超4%。,利好,未知,中性,利空,
214,财联社4月25日电，人脑工程板块继续走弱，跌幅超过3%，其中冠昊生物跌幅超6%，创新医疗跌幅超6%，均胜电子跌幅超4%。,利空,未知,中性,利好,
215,财联社4月25日电，AI模型板块继续走弱，跌幅超过3%，其中启明信息跌幅超9%，东土科技跌幅超9%，首都在线跌幅超8%。,利空,利好,中性,未知,
216,财联社4月25日电，军工板块继续走弱，跌幅超过3%，其中全信股份跌幅超19%，华如科技跌幅超12%，天秦装备跌幅超11%。,利空,中性,利好,未知,
217,财联社4月25日电，毫米波雷达板块继续走弱，跌幅超过4%，其中美格智能跌幅超10%，本川智能跌幅超9%，南京聚隆跌幅超5%。,中性,利空,利好,未知,
218,财联社4月25日电，浙江板块继续走弱，跌幅超过3%，其中佩蒂股份跌幅超20%，品茗科技跌幅超15%，汉嘉设计跌幅超14%。,中性,利空,利好,未知,
219,财联社4月25日电，尾气治理板块继续走弱，跌幅超过3%，其中丰元股份跌幅超6%，艾可蓝跌幅超5%，飞龙股份跌幅超5%。,利好,中性,利空,未知,
220,财联社4月25日电，导弹板块继续走弱，跌幅超过3%，其中亚光科技跌幅超8%，红相股份跌幅超5%，中兵红箭跌幅超4%。,利好,利空,未知,中性,
221,财联社4月25日电，碳纤维板块继续走弱，跌幅超过3%，其中亚太科技跌幅超8%，星源材质跌幅超4%，海源复材跌幅超4%。,利空,未知,利好,中性,
222,财联社4月25日电，华为汽车板块继续走弱，跌幅超过4%，其中富临精工跌幅超19%，启明信息跌幅超9%，京泉华跌幅超9%。,中性,利空,未知,利好,
223,财联社4月25日电，山西板块继续走弱，跌幅超过3%，其中振东制药跌幅超10%，美锦能源跌幅超6%，同德化工跌幅超6%。,利空,未知,利好,中性,
224,财联社4月25日电，通用设备板块继续走弱，跌幅超过4%，其中拓斯达跌幅超19%，创世纪跌幅超15%，丰立智能跌幅超10%。,未知,利空,中性,利好,
225,财联社4月25日电，污水处理板块继续走弱，跌幅超过3%，其中京蓝科技跌幅超10%，楚环科技跌幅超7%，湘潭电化跌幅超7%。,中性,利好,利空,未知,
226,财联社4月25日电，独角兽板块继续走弱，跌幅超过3%，其中新开普跌幅超19%，天华新能跌幅超10%，药明康德跌幅超10%。,未知,利好,利空,中性,
227,财联社4月25日电，棉花板块继续走弱，跌幅超过3%，其中敦煌种业跌幅超5%，常山北明跌幅超4%，天鹅股份跌幅超3%。,利好,利空,中性,未知,
228,财联社4月25日电，科学仪器板块继续走弱，跌幅超过3%，其中阿拉丁跌幅超6%，禾信仪器跌幅超6%，三德科技跌幅超5%。,中性,利空,未知,利好,
229,财联社4月25日电，数字乡村板块继续走弱，跌幅超过3%，其中京蓝科技跌幅超10%，芭田股份跌幅超5%，广电网络跌幅超4%。,利好,中性,未知,利空,
230,财联社4月25日电，海工装备板块继续走弱，跌幅超过3%，其中亚光科技跌幅超9%，天海防务跌幅超6%，福达股份跌幅超4%。,利空,利好,未知,中性,
231,财联社4月25日电，ETC板块继续走弱，跌幅超过4%，其中梦网科技跌幅超9%，金溢科技跌幅超7%，楚天龙跌幅超6%。,未知,利空,中性,利好,
232,财联社4月25日电，广西板块继续走弱，跌幅超过3%，其中华蓝集团跌幅超12%，河化股份跌幅超4%，福达股份跌幅超4%。,中性,利空,未知,利好,
233,财联社4月25日电，碳中和板块继续走弱，跌幅超过3%，其中榕基软件跌幅超7%，华盛昌跌幅超7%，双良节能跌幅超7%。,利好,利空,未知,中性,
234,财联社4月25日电，阿尔兹海默板块继续走弱，跌幅超过3%，其中新华制药跌幅超7%，双成药业跌幅超5%，力生制药跌幅超5%。,利空,利好,中性,未知,
235,财联社4月25日电，玻尿酸板块继续走弱，跌幅超过3%，其中冠昊生物跌幅超7%，景峰医药跌幅超4%，朗姿股份跌幅超4%。,利空,利好,中性,未知,
236,财联社4月25日电，培育钻石板块继续走弱，跌幅超过4%，其中沃尔德跌幅超5%，中兵红箭跌幅超5%，黄河旋风跌幅超5%。,未知,中性,利空,利好,
237,财联社4月25日电，车联网板块继续走弱，跌幅超过4%，其中创耀科技跌幅超13%，移远通信跌幅超10%，启明信息跌幅超9%。,利好,中性,利空,未知,
238,财联社4月25日电，宠物经济板块继续走弱，跌幅超过5%，其中佩蒂股份跌幅超20%，依依股份跌幅超8%，中宠股份跌幅超4%。,利空,中性,利好,未知,
239,财联社4月25日电，半导体芯片板块继续走弱，跌幅超过4%，其中佰维存储跌幅超14%，创耀科技跌幅超13%，雅创电子跌幅超12%。,未知,利空,中性,利好,
240,财联社4月25日电，宁夏板块继续走弱，跌幅超过4%，其中宝塔实业跌幅超9%，英力特跌幅超8%，东方钽业跌幅超7%。,未知,中性,利空,利好,
241,财联社4月25日电，风电板块继续走弱，跌幅超过3%，其中天奇股份跌幅超9%，博菲电气跌幅超9%，屹通新材跌幅超8%。,中性,利空,未知,利好,
242,财联社4月25日电，华为产业链板块继续走弱，跌幅超过4%，其中新开普跌幅超19%，拓斯达跌幅超19%，富临精工跌幅超19%。,未知,利好,利空,中性,
243,财联社4月25日电，稀土永磁板块继续走弱，跌幅超过4%，其中天通股份跌幅超10%，盛新锂能跌幅超9%，章源钨业跌幅超9%。,未知,利空,利好,中性,
244,财联社4月25日电，芯片产业链板块继续走弱，跌幅超过4%，其中中科电气跌幅超20%，联动科技跌幅超20%，茂莱光学跌幅超15%。,利好,中性,利空,未知,
245,【主力资金监控：医药生物板块净流出超40亿】财联社4月25日电，财联社星矿数据显示，今日无主力资金净流入的板块，净流出医药生物、有色金属、化工等板块，其中医药生物板块净流出40.64亿。个股方面，科大讯飞上涨，主力资金净买入3.10亿元，金证股份、网宿科技、江苏银行等获主力资金净流入居前；浪潮信息遭净卖出超9亿，宁德时代、药明康德、三安光电等主力资金净流出额居前。,利好,未知,中性,利空,
246,上证报中国证券网讯4月25日，AIGC概念股探底回升，截至14：22，焦点科技涨停，掌趣科技、蓝色光标、吉宏股份等涨超4%。,利好,中性,未知,利空,
247,【电池级碳酸锂均价今日维持在18万元/吨不变工业级碳酸锂涨4000元/吨】财联社4月25日电，据上海钢联发布数据显示，电池级碳酸锂止跌，均价仍报18万元/吨，工业级碳酸锂涨4000元/吨，均价报14.15万元/吨；氢氧化锂跌5000~8500元/吨；镍豆涨1100元/吨。,未知,利好,利空,中性,
248,【旅游酒店股持续走弱西域旅游连续两日20CM跌停】财联社4月25日电，西域旅游连续两日20CM跌停，西安旅游触及跌停，西安饮食、全聚德跌超8%，天目湖、曲江文旅跌超6%。,未知,中性,利空,利好,
249,【传媒股开盘下挫读客文化跌超10%】财联社4月26日电，读客文化跌超10%，中信出版、慈文传媒跌超5%，掌阅科技、浙数文化、粤传媒、中文传媒等跟跌。,利好,中性,未知,利空,
250,财联社4月26日电，红外技术板块继续走强，涨幅超过3%，其中久之洋涨幅超12%，华中数控涨幅超4%，大立科技涨幅超3%。,利好,利空,中性,未知,
251,财联社4月26日电，液冷IDC板块继续走强，涨幅超过4%，其中高澜股份涨幅超14%，申菱环境涨幅超9%，中石科技涨幅超9%。,未知,利空,利好,中性,
252,财联社4月26日电，尾气治理板块继续走强，涨幅超过3%，其中奥福环保涨幅超17%，建龙微纳涨幅超11%，华培动力涨幅超9%。,未知,利空,中性,利好,
253,上证报中国证券网讯4月26日上午，特高压板块表现活跃。9时57分，高澜股份涨近18%，安靠智电上涨超9%，中元股份、金冠电气涨超8%。,利空,未知,利好,中性,
254,财联社4月26日电，存储器板块继续走弱，跌幅超过3%，其中美格智能跌幅超9%，深科技跌幅超9%，万润科技跌幅超6%。,未知,利好,中性,利空,
255,财联社4月26日电，AIGC板块继续走弱，跌幅超过3%，其中拓尔思跌幅超11%，富春股份跌幅超11%，风语筑跌幅超9%。,中性,利好,未知,利空,
256,财联社4月26日电，MLOps板块继续走弱，跌幅超过4%，其中绿盟科技跌幅超6%，万达信息跌幅超5%，启明信息跌幅超4%。,中性,未知,利好,利空,
257,财联社4月26日电，爱奇艺概念板块继续走弱，跌幅超过4%，其中*ST新文跌幅超20%，百纳千成跌幅超5%，欢瑞世纪跌幅超5%。,中性,利好,未知,利空,
258,财联社4月26日电，CPO板块继续走弱，跌幅超过3%，其中锐捷网络跌幅超13%，光迅科技跌幅超10%，博创科技跌幅超7%。,利好,中性,利空,未知,
259,财联社4月26日电，疫情监测板块继续走弱，跌幅超过3%，其中优刻得跌幅超8%，美亚柏科跌幅超6%，科大国创跌幅超5%。,利好,利空,中性,未知,
260,财联社4月26日电，算力芯片板块继续走弱，跌幅超过5%，其中龙芯中科跌幅超11%，海光信息跌幅超9%，云天励飞跌幅超8%。,中性,利空,利好,未知,
261,财联社4月26日电，智慧城市板块继续走弱，跌幅超过3%，其中中科曙光跌幅超9%，神州数码跌幅超9%，太极股份跌幅超9%。,中性,利空,利好,未知,
262,财联社4月26日电，国资云板块继续走弱，跌幅超过4%，其中紫光股份跌幅超10%，太极股份跌幅超9%，浪潮信息跌幅超9%。,利好,中性,利空,未知,
263,财联社4月26日电，数字政务板块继续走弱，跌幅超过4%，其中拓尔思跌幅超13%，太极股份跌幅超9%，中科软跌幅超8%。,利好,利空,中性,未知,
264,财联社4月26日电，华为昇腾板块继续走弱，跌幅超过3%，其中拓维信息跌幅超9%，华宇软件跌幅超7%，彩讯股份跌幅超7%。,利空,未知,利好,中性,
265,财联社4月26日电，影视板块继续走弱，跌幅超过3%，其中*ST新文跌幅超20%，喜临门跌幅超10%，慈文传媒跌幅超7%。,利空,中性,未知,利好,
266,财联社4月26日电，MLOps板块继续走弱，跌幅超过5%，其中绿盟科技跌幅超7%，万达信息跌幅超6%，东方国信跌幅超5%。,中性,未知,利空,利好,
267,财联社4月26日电，IPv6板块继续走弱，跌幅超过3%，其中紫光股份跌幅超10%，烽火通信跌幅超9%，浪潮信息跌幅超7%。,利好,利空,中性,未知,
268,财联社4月26日电，数据要素板块继续走弱，跌幅超过3%，其中拓尔思跌幅超12%，太极股份跌幅超9%，每日互动跌幅超9%。,利空,未知,利好,中性,
269,财联社4月26日电，算力工程板块继续走弱，跌幅超过4%，其中龙芯中科跌幅超10%，工业富联跌幅超10%，紫光股份跌幅超10%。,中性,利空,利好,未知,
270,财联社4月26日电，大基金系板块继续走弱，跌幅超过4%，其中长电科技跌幅超10%，兴森科技跌幅超9%，万业企业跌幅超8%。,未知,中性,利好,利空,
271,财联社4月26日电，中芯国际概念板块继续走弱，跌幅超过3%，其中长电科技跌幅超10%，华海清科跌幅超9%，华特气体跌幅超8%。,未知,利空,利好,中性,
272,财联社4月26日电，电池板块继续走强，涨幅超过3%，其中派能科技涨幅超19%，鹏辉能源涨幅超10%，孚能科技涨幅超6%。,利空,利好,未知,中性,
273,财联社4月26日电，麒麟电池板块继续走强，涨幅超过4%，其中回天新材涨幅超11%，铭利达涨幅超8%，科创新源涨幅超5%。,未知,利空,利好,中性,
274,财联社4月26日电，异质结电池板块继续走强，涨幅超过4%，其中帝科股份涨幅超16%，金辰股份涨幅超8%，东方日升涨幅超8%。,未知,中性,利空,利好,
275,财联社4月26日电，宁德时代概念板块继续走强，涨幅超过3%，其中高澜股份涨幅超13%，科士达涨幅超10%，德方纳米涨幅超8%。,利空,利好,未知,中性,
276,财联社4月26日电，固态电池板块继续走强，涨幅超过4%，其中金银河涨幅超9%，中自科技涨幅超8%，南都电源涨幅超8%。,中性,利好,未知,利空,
277,财联社4月26日电，TOPCon电池板块继续走强，涨幅超过5%，其中帝科股份涨幅超17%，爱旭股份涨幅超10%，钧达股份涨幅超10%。,利好,未知,利空,中性,
278,财联社4月26日电，稀土永磁板块继续走强，涨幅超过3%，其中铂科新材涨幅超16%，立中集团涨幅超10%，银河磁体涨幅超8%。,未知,利好,利空,中性,
279,财联社4月26日电，单车板块继续走强，涨幅超过3%，其中博力威涨幅超8%，南都电源涨幅超8%，天能股份涨幅超6%。,未知,利好,利空,中性,
280,上证报中国证券网讯4月26日上午，锂电池板块持续反弹。11时27分，鹏辉能源涨超10%，亿纬锂能涨超8%，孚能科技、博力威、科利达等跟涨。,利好,未知,利空,中性,
281,财联社4月26日电，汽车热管理板块继续走强，涨幅超过3%，其中高澜股份涨幅超10%，祥鑫科技涨幅超7%，祥明智能涨幅超6%。,未知,利空,利好,中性,
282,【报告：手机面板市场需求回暖价格能否上涨仍待观察】财联社4月26日电，CINNOResearch报告显示，经历了2022全年的减产和消库存状态，终端面板库存见底，叠加年中促销季带动，市场情绪乐观，面板需求大幅增加，快速传导至上游面板厂，a-Si/LTPS面板以及柔性AMOLED等大部分项目均有相应的加单情况，部分产品订单能见度已直达6月底，但价格并没有随之反弹，仍处于下行通道，价格能否触底反弹，将取决于下半年的需求情况。,利空,利好,未知,中性,
283,【电池级碳酸锂均价今日维持在18万元/吨工业级碳酸锂涨5000元/吨】财联社4月26日电，据上海钢联发布数据显示，电池级碳酸锂止跌，均价仍报18万元/吨，工业级碳酸锂涨5000元/吨，均价报14.65万元/吨；氢氧化锂跌4000~5000元/吨；镍豆跌2500元/吨。,中性,未知,利空,利好,
284,中证网讯4月26日，光伏、电池相关ETF一改此前“五连跌”趋势，大幅上涨。Wind数据显示，截至收盘，光伏ETF大涨6.87%，电池50ETF（159796）上涨6.74%。此外，多只新能源龙头、碳中和相关ETF涨幅超过5%。,未知,中性,利好,利空,
285,中证网讯 4月26日，港股主要指数收盘上涨。据Wind数据，香港恒生指数收涨0.71%，报19757.27点；恒生中国企业指数涨0.80%，报6654.40点；恒生科技指数涨1.25%，报3872.01点。行业板块方面，汽车、软件等板块领涨。,利好,未知,利空,中性,
286,【传媒股快速反弹新华文轩4连板】财联社4月27日电，新华文轩4连板，长江传媒、龙版传媒涨停，山东出版、城市传媒、北京文化、中国出版、唐德影视、上海电影等涨超5%。,利空,未知,利好,中性,
287,上证报中国证券网讯4月27日，保险板块集体走强，截至9：42，中国平安涨超5%，新华保险、中国太保、中国人寿等上扬。,利好,中性,利空,未知,
288,财联社4月27日电，游戏板块继续走弱，跌幅超过3%，其中冰川网络跌幅超13%，*ST文化跌幅超12%，盛天网络跌幅超11%。,利空,中性,未知,利好,
289,财联社4月27日电，NFT文交所板块继续走弱，跌幅超过3%，其中中文在线跌幅超17%，视觉中国跌幅超10%，汤姆猫跌幅超8%。,未知,中性,利好,利空,
290,财联社4月27日电，抗高血压板块继续走强，涨幅超过5%，其中天宇股份涨幅超18%，吉贝尔涨幅超7%，哈药股份涨幅超7%。,中性,利好,未知,利空,
291,财联社4月27日电，AIGC板块继续走弱，跌幅超过4%，其中中文在线跌幅超18%，富春股份跌幅超13%，视觉中国跌幅超10%。,中性,未知,利好,利空,
292,财联社4月27日电，医药生物板块继续走强，涨幅超过3%，其中天宇股份涨幅超20%，普蕊斯涨幅超20%，金石亚药涨幅超17%。,利好,利空,中性,未知,
293,财联社4月27日电，止泻药板块继续走强，涨幅超过4%，其中千金药业涨幅超9%，江中药业涨幅超6%，康恩贝涨幅超5%。,未知,利好,中性,利空,
294,财联社4月27日电，肝炎治疗板块继续走强，涨幅超过3%，其中普蕊斯涨幅超20%，拓新药业涨幅超14%，吉贝尔涨幅超8%。,利好,利空,中性,未知,
295,财联社4月27日电，数据要素板块继续走弱，跌幅超过3%，其中中文在线跌幅超20%，中科信息跌幅超16%，浙数文化跌幅超10%。,中性,利空,未知,利好,
296,财联社4月27日电，AI模型板块继续走弱，跌幅超过3%，其中万兴科技跌幅超10%，三六零跌幅超10%，昆仑万维跌幅超9%。,未知,中性,利空,利好,
297,财联社4月27日电，CPO板块继续走弱，跌幅超过7%，其中联特科技跌幅超12%，新易盛跌幅超11%，光库科技跌幅超11%。,利空,中性,利好,未知,
298,【AI概念股午后掀跌停潮】财联社4月27日电，中文在线、中石科技20CM跌停，三六零、剑桥科技、奥飞娱乐、慈文传媒、视觉中国、中科曙光等多股跌停。,中性,利好,未知,利空,
299,财联社4月27日电，谷歌概念板块继续走弱，跌幅超过3%，其中精研科技跌幅超20%，万兴科技跌幅超10%，*ST中昌跌幅超4%。,利空,未知,中性,利好,
300,财联社4月27日电，AI服务器板块继续走弱，跌幅超过4%，其中万兴科技跌幅超10%，中科曙光跌幅超9%，同方股份跌幅超8%。,利空,未知,中性,利好,
